Rua Nelson Fundao Fatima,Fatima,Sao Mateus  ES,299334-760
Rua 10,COHAB, Sao Mateus  ES,29937-406
Rua 10,Morada Ribeirao,Sao Mateus  ES,29937-540
Travessa 13 de Abril,Sernamby,Sao Mateus  ES,29930-790
Rua 13 de Maio,Centro,Sao Mateus  ES,29930-390
Rua 13 de Maio,Porto,Sao Mateus  ES,29934-060
Rua 2,Residencial Park Washington,Sao Mateus  ES,29938-030
Rua 23,Guriri Sul,Sao Mateus  ES,29945-250
Rua 25 de Dezembro,Litoraneo,Sao Mateus  ES,29932-555
Rua 3,Morada Ribeirao,Sao Mateus  ES,29936-420
Rua 3 de Marco,Forno Velho,Sao Mateus  ES,29937-440
Rua 32,Cohab,Sao Mateus  ES,29936-816
Rua 34,Cohab,Sao Mateus  ES,29936-817
Rua 4,Bom Sucesso II,Sao Mateus  ES,29943-640
Rua 52,Cohab,Sao Mateus  ES,29937-760
Rua 58,Cohab,Sao Mateus  ES,29937-750
Rua 7,Bom Sucesso II,Sao Mateus  ES,29943-670
Rua 7 de Setembro,Cricare,Sao Mateus  ES,29931-760
Rua 7 de Setembro,Porto,Sao Mateus  ES,29934-030
Avenida A,SEAC,Sao Mateus  ES,29937-290
Rua A,Bom Sucesso,Sao Mateus  ES,29943-615
Trevo A,Aviacao,Sao Mateus  ES,29934-630
Rua Antonio Lougon Moulin,Bom Sucesso,Sao Mateus ES,29943-810
Rua Antonio Massucatti,Aroeira,Sao Mateus ES,29942-818
Rua Antonio Massucatti,Guriri Norte,Sao Mateus ES,29946-110
Rua Antonio Moreira Sobrinho,Ayrton Senna,Sao Mateus ES,29943-140
Rua Antonio Olicio Maciel,Jambeiro,Sao Mateus ES,29932-860
Rua Antonio Olivio Maciel,Litoraneo,Sao Mateus ES,29932-575
Rua Antonio Pereira de Aguiar,Sernamby,Sao Mateus ES,29930-450
Rua Antonio Rocha,Arnaldo Bastos,Sao Mateus ES,29934-160
Rua Antonio de Carvalho,Boa Vista,Sao Mateus ES,29931-540
Rua Aneis de Saturno,Vitoria,Sao Mateus ES,29942-390
Rua Aratu,Barra Nova,Sao Mateus ES,29944-415
Rua Arcanjo Locatelli,Cricare,Sao Mateus ES,29931-705
Rua Arcanjo Locatelli,Cacique,Sao Mateus ES,29932-240
Rua Arcanjo Locatelli,Santa Tereza,Sao Mateus ES,29932-330
Rua Arcebino Santos,Sernamby,Sao Mateus ES,29930-545
Avenida Argentina,Vila Nova,Sao Mateus ES,29941-380
Rua Argentino Jose Teixeira,Bonsucesso,Sao Mateus ES,29943-612
Rua Ari Barbosa,Residencial Blocos,Sao Mateus ES,29934-752
Rua Aristeu Goncalves do Carmo,Bela Vista,Sao Mateus ES,29931-833
Rua Aristides Zancanela,Residencial Park Washington,Sao Mateus ES,29938-130
Rua Arnaldo Bastos,Jackeline,Sao Mateus ES,29936-168
Rua Arnaldo Gomes de Oliveira,Santo Antonio,Sao Mateus ES,29941-730
Rua Arnobio Alves de Holanda,Centro,Sao Mateus ES,29930-095
Rua Arthur Bastos Santos,Santo Antonio,Sao Mateus ES,29941-600
Rua Ary Afonso dos Santos,Arnaldo Bastos,Sao Mateus ES,29934-150
Rua Ary Santos Danieleto,Cohab,Sao Mateus ES,29936-820
Rua Asteroide,Vitoria,Sao Mateus ES,29942-290
Rua Asteroides,Vitoria,Sao Mateus ES,29942-290
Rua Augusto Meyer,Ayrton Senna,Sao Mateus ES,29943-280
Rua Aulo Gelio Oliveira Neves,Santo Antonio,Sao Mateus ES,29941-515
Rua Aurelio Bernini,Nestor Gomes,Sao Mateus ES,29949-010
Avenida Francisco Pereira de Carvalho 20,Guriri Norte,Sao Mateus ES,29946-970
Avenida Jones dos Santos Neves 134,Centro,Sao Mateus ES,29930-970
Rua Bagre,Chacara do Cricare,Sao Mateus ES,29934-440
Rua Bagre,Ch Cricare,Sao Mateus ES,29934-440
Rua Bahia,Aroeira,Sao Mateus ES,29942-766
Rua Bahia,Pedra D'agua,Sao Mateus ES,29938-390
Rua Bahia,Ayrton Senna,Sao Mateus ES,29943-200
Estrada Balneario de Urucuquara,Barra Nova,Sao Mateus ES,29944-435
Rua Bariloche,Carapina,Sao Mateus ES,29933-170
Rua Bariloche,Sernamby,Sao Mateus ES,29931-971
Rua Barra Sao Francisco,Guriri,Sao Mateus ES,29945-600
Rua Barra de Sao Francisco,Guriri Sul,Sao Mateus ES,29945-600
Estrada Barreirinho-Imbaubeira,Barreirinho,Sao Mateus ES,29932-825
Estrada Barreirinho-Jacaranda,Barreirinho,Sao Mateus ES,29932-815
Avenida Barao Aimores,Nova Sao Mateus,Sao Mateus ES,29942-490
Rua Barao Aymores,Centro,Sao Mateus ES,29930-340
Avenida Barao Rio Branco,Nova Sao Mateus,Sao Mateus ES,29942-495
Rua Barao Rio Branco,Centro,Sao Mateus ES,29930-110
Avenida Barao de Trimbohy,Nova Sao Mateus,Sao Mateus ES,29942-510
Avenida Barao do Rio Branco,Nova Sao Mateus,Sao Mateus ES,29942-495
Rua Barao do Rio Branco,Centro,Sao Mateus ES,29930-110
Rua Camarupim,Chacara do Cricare,Sao Mateus ES,29934-470
Rua Camarupim,Fatima,Sao Mateus ES,29933-790
Rua Camburi,Comunidade Paulista,Sao Mateus ES,29940-417
Rua Camillo Castelo Branco,Ayrton Senna,Sao Mateus ES,29943-260
Rua Camilo Castelo Branco,Ayrton Senna,Sao Mateus ES,29943-260
Rua Camilo Silva,Nestor Gomes,Sao Mateus ES,29949-020
Rua Campista,Aroeira,Sao Mateus ES,29942-770
Rua Campo Belo,Alvorada,Sao Mateus ES,29940-610
Rua Campo Grande,Bom Jesus,Sao Mateus ES,29944-110
Estrada Campo Grande-Nativo de Barra Nova,Campo Grande,Sao Mateus ES,29946-650
Estrada Campo Grande-Urucuquara,Campo Grande,Sao Mateus ES,29946-648
Rua Camurapim,Ch Cricare,Sao Mateus ES,29934-470
Rua Canada,Vila Nova,Sao Mateus ES,29941-050
Rua Cangua,Ch Cricare,Sao Mateus ES,29934-430
Rua Cangua,Chacara do Cricare,Sao Mateus ES,29934-430
Rua Canoas,Nova Era,Sao Mateus ES,29940-108
Rua Cara,Ch Cricare,Sao Mateus ES,29934-380
Rua Carina,SEAC,Sao Mateus ES,29937-380
Rua Carina,Seac,Sao Mateus ES,29937-380
Rua Carlos Chagas,Aviacao,Sao Mateus ES,29934-600
Rua Carlos Chagas,Cpo Aviacao,Sao Mateus ES,29934-600
Rua Carlos Gardel,Ch Cricare,Sao Mateus ES,29934-400
Rua Carlos Gomes,Residencial Blocos,Sao Mateus ES,29934-756
Rua Clarindo Fundao,Morada de Ribeirao,Sao Mateus ES,29936-460
Rua Clemente Sartorio,Sernamby,Sao Mateus ES,29930-860
Rua Clemente Sartorio,Jackeline,Sao Mateus ES,29936-200
Rua Clemente Souza Oliveira,Comunidade Paulista,Sao Mateus ES,29940-410
Rua Climeria Santos Barcellos,Guriri Sul,Sao Mateus ES,29945-150
Rua Climeria Santos Barcellos,Guriri Norte,Sao Mateus ES,29946-210
Rua Colatina,Rio Preto,Sao Mateus ES,29938-550
Rua Colatina,Litoraneo,Sao Mateus ES,29932-565
Beco Colombia,Vila Nova,Sao Mateus ES,29941-033
Rua Colombia,Vila Nova,Sao Mateus ES,29941-400
Ladeira Comendador Reginaldo,Centro,Sao Mateus ES,29936-070
Rua Conceicao da Barra,Guriri Norte,Sao Mateus ES,29946-530
Rua Conceicao da Barra,Guriri Sul,Sao Mateus ES,29945-490
Rua Conceicao da Barra,Bom Jesus,Sao Mateus ES,29944-200
Rua Conceicao da Barra,Centro,Sao Mateus ES,29930-000
Rua Conde,Seac,Sao Mateus ES,29937-330
Rua Conquista,Sao Miguel,Sao Mateus ES,29942-115
Rua Conquista,Aroeira,Sao Mateus ES,29942-813
Avenida Contorno,Centro,Sao Mateus ES,29941-790
Avenida Contorno Leste,Santo Antonio,Sao Mateus ES,29941-790
Rua Copa 70,Santo Antonio,Sao Mateus ES,29941-620
Rua Copa 70,Sao Pedro,Sao Mateus ES,29942-100
Rua Copa 70,Novo Horizonte,Sao Mateus ES,29940-766
Avenida Cricare,Cacique,Sao Mateus ES,29932-210
Avenida Cricare,Santa Tereza,Sao Mateus ES,29932-520
Avenida Cricare,Porto,Sao Mateus ES,29934-010
Rua Cristal,Pedra D'agua,Sao Mateus ES,29938-410
Rua Cristiano Dias Lopes,Santo Antonio,Sao Mateus ES,29941-560
Rua Cristiano Goncalves Miranda,Residencial Park Washington,Sao Mateus ES,29938-070
Rua Cristo Redentor,Aroeira,Sao Mateus ES,29942-774
Rua Cruzeiro de Norte,Vitoria,Sao Mateus ES,29942-210
Avenida Cruzeiro do Norte,Vitoria,Sao Mateus ES,29942-210
Rua Cruzeiro do Sul,Vitoria,Sao Mateus ES,29942-400
Rua Cuba K,Vila Nova,Sao Mateus ES,29941-047
Beco Cuba KI,Vila Nova,Sao Mateus ES,29941-027
Rua Cuba,Vila Nova,Sao Mateus ES,29941-220
Rua Cuiaba,Bom Jesus,Sao Mateus ES,29944-070
Rua Curitiba,Bom Jesus,Sao Mateus ES,29944-130
Rua Custodia Netto da Silva,Bonsucesso,Sao Mateus ES,29943-630
Ladeira Cyro Cunha Sodre,Centro,Sao Mateus ES,29930-310
Ladeira Cyro Cunha Sodre,Cricare,Sao Mateus ES,29931-750
Ladeira Cyro Cunha Sodre,Porto,Sao Mateus ES,29934-025
Rua Ceu Azul I,Sao Pedro,Sao Mateus ES,29942-070
Rua Doutor Raimundo Guilherme Sobrinho,Dom Jose Dalvit,Sao Mateus ES,29931-010
Rua Doutor Raimundo Guilherme Sobrinho,Boa Vista,Sao Mateus ES,29931-630
Rua Doutor Raimundo Guilherme Sobrinho,Centro,Sao Mateus ES,29930-050
Rua Doutor Raimundo Guilherme Sobrinho,Sernamby,Sao Mateus ES,29930-480
Rua Doutor Roberto Arnizont Silvares,Nova Sao Mateus,Sao Mateus ES,29942-460
Rua Doutor Tancredo de Almeida Neves,Sernamby,Sao Mateus ES,29930-600
Rua Doze,Bom Jesus,Sao Mateus ES,29944-350
Rua Doze,Forno Velho,Sao Mateus ES,29937-550
Rua Doze,Cohab,Sao Mateus ES,29936-806
Rua Doze,Bom Sucesso,Sao Mateus ES,29943-720
Rua Doze de Outubro,Litoraneo,Sao Mateus ES,29932-750
Rua Duque Caxias,Sernamby,Sao Mateus ES,29930-810
Rua Duque de Caxias,Sernamby,Sao Mateus ES,29930-810
Rua Duque de Caxias,Carapina,Sao Mateus ES,29933-030
Rua Dalia,Pedra D'agua,Sao Mateus ES,29938-314
Avenida Decima Segunda,Guriri Norte,Sao Mateus ES,29946-560
Avenida E,Bonsucesso,Sao Mateus ES,29943-840
Avenida E,Bom Sucesso,Sao Mateus ES,29943-840
Rua E,SEAC,Sao Mateus ES,29937-250
Rua E,Seac,Sao Mateus ES,29937-250
Rua E,Residencial Park Washington,Sao Mateus ES,29938-020
Avenida Esbertalina Barbosa Damiani,Guriri Norte,Sao Mateus ES,29946-490
Avenida Esbertalina Barbosa Damiani,Guriri Sul,Sao Mateus ES,29945-450
Rua Esmeralda,Aroeira,Sao Mateus ES,29942-803
Avenida Espera Feliz,Guriri Norte,Sao Mateus ES,29946-600
Avenida Espera Feliz,Guriri Sul,Sao Mateus ES,29945-280
Rua Esperanca,Rio Preto,Sao Mateus ES,29938-570
Alameda Espirito Santo,Chacara do Cricare,Sao Mateus ES,29934-500
Rua Espirito Santo,Rio Preto,Sao Mateus ES,29938-530
Rua Espirito Santo,Ayrton Senna,Sao Mateus ES,29943-030
Rua Estados Unidos,Vila Nova,Sao Mateus ES,29941-250
Estrada Estiva-Corrego Tabua,Estiva,Sao Mateus ES,29945-755
Rua Estrela,Pedra D'agua,Sao Mateus ES,29938-430
Rua Estrela,Vitoria,Sao Mateus ES,29942-340
Rua Etelvina Maria Fraga Castelo Dutra,Residencial Park Washington,Sao Mateus ES,29938-080
Rua Etiopia,Vila Nova,Sao Mateus ES,29941-450
Rua Euclides Ferreira do Nascimento,Cacique,Sao Mateus ES,29932-170
Rua Euclides Rampinelli,Rio Preto,Sao Mateus ES,29938-520
Rua Euclides da Cunha,Ayrton Senna,Sao Mateus ES,29943-250
Rua Eugenio Cadorini,Bonsucesso,Sao Mateus ES,29943-617
Rua Eugenio Neves Cunha,Boa Vista,Sao Mateus ES,29931-560
Rua Francisco Barbosa Sobrinho,Fatima,Sao Mateus ES,29933-660
Avenida Francisco Pereira de Carvalho,Guriri Norte,Sao Mateus ES,29946-570
Rua Francisco Pirola Filho,Lago dos Cisnes,Sao Mateus ES,29936-700
Rua Francisco Pirola Filho,Fatima,Sao Mateus ES,29933-730
Rua Francisco Pirola Filho,Arnaldo Bastos,Sao Mateus ES,29934-210
Estrada Francisco Vieira da Silva,Mariricu,Sao Mateus ES,29944-510
Rua Francisco Vieira da Silva,Guriri Norte,Sao Mateus ES,29946-205
Rua Francisco dos Santos,Santa Tereza,Sao Mateus ES,29932-380
Rua Francisco dos Santos,Santo Antonio,Sao Mateus ES,29941-840
Avenida Franca,Novo Horizonte,Sao Mateus ES,29940-720
Rua Franca,Vila Nova,Sao Mateus ES,29941-280
Rua G,Residencial Park Washington,Sao Mateus ES,29938-040
Rua G,Bonsucesso,Sao Mateus ES,29943-645
Rua G,SEAC,Sao Mateus ES,29937-230
Rua G,Chacara do Cricare,Sao Mateus ES,29934-390
Rua G,Residencial Blocos,Sao Mateus ES,29934-764
Rua G,Seac,Sao Mateus ES,29937-230
Rua G,Ch Cricare,Sao Mateus ES,29938-040
Rua GH,SEAC,Sao Mateus ES,29937-370
Rua Galaxia,Vitoria,Sao Mateus ES,29942-270
Rua General Osorio,Sernamby,Sao Mateus ES,29930-590
Rua Graciliano de Oliveira,Sernamby,Sao Mateus ES,29930-490
Rua Graciliano de Oliveira,Dom Jose Dalvit,Sao Mateus ES,29931-030
Rua Graca,Bonsucesso I,Sao Mateus ES,29941-580
Rua Groelandia,Vila Nova,Sao Mateus ES,29941-180
Rua Groelandia,Novo Horizonte,Sao Mateus ES,29940-714
Travessa Guarani,Boa Vista,Sao Mateus ES,29931-280
Rua Guacui,Litoraneo,Sao Mateus ES,29932-760
Rua Guiana,Vila Nova,Sao Mateus ES,29941-040
Rua Guilherme Bissaro,Arnaldo Bastos,Sao Mateus ES,29934-140
Rua Guilherme Fontes Dutra,Residencial Park Washington,Sao Mateus ES,29938-200
Avenida Guriri,Guriri,Sao Mateus ES,29945-510
Rua H,SEAC,Sao Mateus ES,29937-220
Rua H,Seac,Sao Mateus ES,29937-220
Rua Hanna Cardoso Fundao,Morada de Ribeirao,Sao Mateus ES,29936-470
Rua Hanna Cardoso Fundao,Morada Ribeirao,Sao Mateus ES,29936-470
Rua Henrique Ayres,Nova Sao Mateus,Sao Mateus ES,29942-525
Rua Heraldo Piol Natale,Comunidade Paulista,Sao Mateus ES,29940-400
Rua Hermenegildo Costa,Guriri Norte,Sao Mateus ES,29946-150
Rua Ilheus,Pedra D'agua,Sao Mateus ES,29938-350
Rua Inacio Alves Barcelos,Jackeline,Sao Mateus ES,29936-235
Rua Inacio Fundao,Boa Vista,Sao Mateus ES,29931-240
Rua Ipe,San Remo,Sao Mateus ES,29936-635
Rua Ipe,Cacique,Sao Mateus ES,29932-160
Rua Ipe,Carapina,Sao Mateus ES,29933-300
Rua Ipe,Aroeira,Sao Mateus ES,29942-784
Rua Ipe,Lago dos Cisnes,Sao Mateus ES,29936-635
Rua Ipe,Carapina,Sao Mateus ES,29933-280
Rua Iracema Coradini,Sernamby,Sao Mateus ES,29930-820
Rua Itanhem,Aviacao,Sao Mateus ES,29934-720
Rua Itanhem,Residencial Blocos,Sao Mateus ES,29934-766
Rua Itanhem,Chacara do Cricare,Sao Mateus ES,29934-530
Rua Itauninhas,Itauninhas,Sao Mateus ES,29948-010
Estrada Itauninhas-Pedro Teixeira,Itauninhas,Sao Mateus ES,29948-045
Rua Itupeva,Aviacao,Sao Mateus ES,29934-610
Rua Italia,Novo Horizonte,Sao Mateus ES,29940-718
Rua Ivan de Oliveira Luna,Aviacao,Sao Mateus ES,29934-566
Avenida Jones dos Santos Neves,Centro,Sao Mateus ES,29930-930
Rua Jorge Rosa de Morais,Aviacao,Sao Mateus ES,29934-741
Rua Josias da Silva,Bonsucesso,Sao Mateus ES,29943-710
Rua Jose Alcino de Souza,Cacique,Sao Mateus ES,29932-230
Praca Jose Anchieta,Centro,Sao Mateus ES,29930-250
Rua Jose Antonio de Oliveira Filho,Aviacao,Sao Mateus ES,29934-640
Avenida Jose Bahia,Dom Jose Dalvit,Sao Mateus ES,29931-130
Avenida Jose Bahia,Boa Vista,Sao Mateus ES,29931-370
Rua Jose Bino de Sant'Anna,Universitario,Sao Mateus ES,29933-450
Rua Jose Bonomo,Guriri Norte,Sao Mateus ES,29946-220
Rua Jose Bonomo,Guriri Sul,Sao Mateus ES,29945-160
Rua Jose Carlos de Almeida,Aviacao,Sao Mateus ES,29934-670
Rua Jose Coco,Santo Antonio,Sao Mateus ES,29941-820
Rua Joao Anchieta,Rio Preto,Sao Mateus ES,29938-525
Avenida Joao Batista Crespo,Vitoria,Sao Mateus ES,29942-440
Avenida Joao Batista Crespo,Santo Antonio,Sao Mateus ES,29941-750
Avenida Joao Batista Crespo,Sao Pedro,Sao Mateus ES,29942-050
Rua Joao Bento Silvares,Centro,Sao Mateus ES,29930-020
Rua Joao Elias Sampaio,Bonsucesso,Sao Mateus ES,29943-730
Rua Joao Evangelista Monteiro Lobato,Sernamby,Sao Mateus ES,29930-840
Rua Joao Evangelista Monteiro Lobato,Ribeirao,Sao Mateus ES,29936-140
Rua Joao Figueiredo,Centro,Sao Mateus ES,29930-115
Rua Joao Goulart,Guriri Norte,Sao Mateus ES,29946-440
Rua Joao Goulart,Guriri Sul,Sao Mateus ES,29945-400
Avenida Joao Lazaro de Almeida Prado,Lago dos Cisnes,Sao Mateus ES,29936-610
Avenida Joao Lazaro de Almeida Prado,Carapina,Sao Mateus ES,29933-320
Rua Joao Mafra Araujo,Guriri Sul,Sao Mateus ES,29945-220
Praca Joao Mafra Araujo,Guriri Norte,Sao Mateus ES,29946-285
Avenida Joao Nardoto,Jackeline,Sao Mateus ES,29936-160
Praca Largo do Chafariz,Centro,Sao Mateus ES,29930-330
Rua Lateral da BR,Boa Vista,Sao Mateus ES,29931-390
Rua Lateral da BR-101 Norte,Ribeirao,Sao Mateus ES,29936-060
Rua Laura Faria Lima,Sernamby,Sao Mateus ES,29930-515
Rua Lauro Alves de Almeida,Residencial Park Washington,Sao Mateus ES,29938-120
Rua Lauro Conde Rodrigues,Santo Antonio,Sao Mateus ES,29941-720
Rua Lauro Rodrigues,Sao Pedro,Sao Mateus ES,29941-720
Rua Lauro Santos,Fatima,Sao Mateus ES,29933-770
Rua Lauro dos Santos,Fatima,Sao Mateus ES,29933-770
Rua Lauro dos Santos,Lago dos Cisnes,Sao Mateus ES,29936-716
Avenida Leste Oeste,Aroeira,Sao Mateus ES,29942-794
Rua Leoncio Medeiros,Guriri Sul,Sao Mateus ES,29945-050
Rua Liberdade,Aroeira,Sao Mateus ES,29942-796
Rua Liberdade,Fatima,Sao Mateus ES,29933-590
Rua Liberdade,Sernamby,Sao Mateus ES,29930-570
Travessa Liberdade,Carapina,Sao Mateus ES,29933-150
Rua Licinio Bastos,Boa Vista,Sao Mateus ES,29931-660
Rua Licinio Bastos,Sernamby,Sao Mateus ES,29930-485
Rua Licinio Bastos,Dom Jose Dalvit,Sao Mateus ES,29931-040
"Rua Licinio Bastos
- lado par",Boa Vista,Sao Mateus ES,29931-660
"Rua Licinio Bastos
- lado impar",Boa Vista,Sao Mateus ES,29931-665
Rua Lima,Vila Nova,Sao Mateus ES,29941-070
Rua Maceio,Vila Verde,Sao Mateus ES,29940-300
Rua Machado de Assis,Colina,Sao Mateus ES,29942-685
Rua Maita,Arueira,Sao Mateus ES,29942-765
Estrada Maleiros,Barreirinho,Sao Mateus ES,29932-812
Estrada Maleiros de Cima,Barreirinho,Sao Mateus ES,29932-810
Rua Malvinas,Carapina,Sao Mateus ES,29933-230
Rua Manoel Andrade,Centro,Sao Mateus ES,29930-040
Rua Manoel Antonio dos Santos,Bela Vista,Sao Mateus ES,29931-832
Rua Manoel Bandeira,Ayrton Senna,Sao Mateus ES,29943-017
Rua Manoel Barcellos Filho,Aviacao,Sao Mateus ES,29934-732
Rua Manoel Barcellos Sobrinho,Jackeline,Sao Mateus ES,29936-205
Rua Manoel Barcelos Sobrinho,Fatima,Sao Mateus ES,29933-630
Rua Manoel Batista,Aroeira,Sao Mateus ES,29942-800
Rua Manoel Lima,Vila Nova,Sao Mateus ES,29941-460
Rua Manoel Lima,Santa Tereza,Sao Mateus ES,29932-315
Rua Manoel Mercedes,Bela Vista,Sao Mateus ES,29931-827
Rua Manoel Paixao Correia,Bela Vista,Sao Mateus ES,29931-837
Rua Manoel Pecanha,Boa Vista,Sao Mateus ES,29931-420
Avenida Mateus Cunha Fundao,Centro,Sao Mateus ES,29930-190
Rua Mateus Lindolfo de Jesus,Boa Vista,Sao Mateus ES,29931-470
Rua Mateus Martins dos Santos,Cacique,Sao Mateus ES,29932-280
Avenida Mato Grosso,Bom Jesus,Sao Mateus ES,29944-140
Rua Mato Grosso,Ayrton Senna,Sao Mateus ES,29943-330
Rua Mauro Pedro de Souza,Bela Vista,Sao Mateus ES,29931-840
Rua Medeiros Neto,Aviacao,Sao Mateus ES,29934-580
Rua Nair Silvares de Andrade,Lago dos Cisnes,Sao Mateus ES,29936-714
Rua Nanna Cardoso Fundao,Morada Ribeirao,Sao Mateus ES,29936-470
Rua Nanuque,Aviacao,Sao Mateus ES,29934-700
Rua Nary Santos Brinco,Fatima,Sao Mateus ES,29933-750
Rua Natal,Bom Jesus,Sao Mateus ES,29944-050
Estrada Nativo,Pedra D'agua,Sao Mateus ES,29938-310
Rua Nelio Fantino,Sernamby,Sao Mateus ES,29930-440
Rua Nelson Fundao,Universitario,Sao Mateus ES,29933-490
Rua Nelson Fundao,Fatima,Sao Mateus ES,29933-710
Rua Nelson Fundao,Arnaldo Bastos,Sao Mateus ES,29934-180
Rua Nery Frontino,Ribeirao,Sao Mateus ES,29936-020
Rua Nery Frontino,Sernamby,Sao Mateus ES,29930-790
Rua Nery,Sernamby,Sao Mateus ES,29930-790
Avenida Netuno,Vitoria,Sao Mateus ES,29942-220
Rua Netuno,Vitoria,Sao Mateus ES,29942-220
Rua Neuza Sibien Ruberth,Guriri Sul,Sao Mateus ES,29945-090
Rua Nicanor Motta,Centro,Sao Mateus ES,29930-090
Rua Nicanor Motta,Nova Sao Mateus,Sao Mateus ES,29942-515
Travessa Nicanor Motta,Centro,Sao Mateus ES,29930-090
Rua Nicaragua,Vila Nova,Sao Mateus ES,29941-320
Rua Nicomedes Mendes Afonso,Litoraneo,Sao Mateus ES,29932-580
Rua Olavo Bilac,Ayrton Senna,Sao Mateus ES,29943-021
Rua Oldemar Faria Santos,Guriri Norte,Sao Mateus ES,29946-480
Rua Oldemar Faria Santos,Guriri Sul,Sao Mateus ES,29945-440
Rua Olivio de Almeida Cunha,Nova Sao Mateus,Sao Mateus ES,29942-500
Rua Onze A,Guriri Sul,Sao Mateus ES,29945-680
Rua Onze,Bom Jesus,Sao Mateus ES,29944-340
Rua Onze,Bom Sucesso,Sao Mateus ES,29943-710
Rua Oraldo Coelho,Fatima,Sao Mateus ES,29933-760
Rua Oraldo Coelho,Lago dos Cisnes,Sao Mateus ES,29936-708
Rua Oraldo Coelho,Lag Cisnes,Sao Mateus ES,29936-708
Rua Oraldo Toscano,Sernamby,Sao Mateus ES,29930-850
Rua Oraldo Toscano,Jackeline,Sao Mateus ES,29936-165
Rua Orestes Bigossi,Guriri Norte,Sao Mateus ES,29946-310
Rua Orestes Bigossi,Guriri Sul,Sao Mateus ES,29945-250
Rua Ornalino Domingos,Ribeirao,Sao Mateus ES,29936-040
Rua Paraguai,Forno Velho,Sao Mateus ES,29937-470
Rua Paraju,Cacique,Sao Mateus ES,29932-250
Rua Paraju,Cacique,Sao Mateus ES,29932-012
Rua Paramanaibo,Vila Nova,Sao Mateus ES,29941-330
Rua Paramaibo,Aroeira,Sao Mateus ES,29942-812
Rua Parana,Ayrton Senna,Sao Mateus ES,29943-380
Rua Parana,Aroeira,Sao Mateus ES,29942-814
Rua Paraiba,Carapina,Sao Mateus ES,29933-050
Rua Paraiba,Sernamby,Sao Mateus ES,29930-800
Rua Paraiba,Ayrton Senna,Sao Mateus ES,29943-220
Rua Parmeno Barbosa,Universitario,Sao Mateus ES,29933-425
Rua Para,Santo Antonio,Sao Mateus ES,29941-537
Rua Para,Ayrton Senna,Sao Mateus ES,29943-340
Rua Para,Pedra D'agua,Sao Mateus ES,29938-340
Rua Paschoal Brioschi,Santo Antonio,Sao Mateus ES,29941-610
Rua Plutao,Vitoria,Sao Mateus ES,29942-300
Rua Plinio Borotto,Guriri Norte,Sao Mateus ES,29946-330
Rua Plinio Borotto,Guriri Sul,Sao Mateus ES,29945-290
Rua Pomar dos Colibris,Morada de Ribeirao,Sao Mateus ES,29936-340
Rua Pomar dos Colibris,Morada Ribeirao,Sao Mateus ES,29936-340
Rua Pontal,Pedra D'agua,Sao Mateus ES,29938-320
Rua Porto Alegre,Bom Jesus,Sao Mateus ES,29944-160
Rua Porto Velho,Bom Jesus,Sao Mateus ES,29944-360
Avenida Portugal,Novo Horizonte,Sao Mateus ES,29940-740
Rua Prado das Hortencias,Morada de Ribeirao,Sao Mateus ES,29936-310
Rua Prado das Hortencias,Morada Ribeirao,Sao Mateus ES,29936-310
Estrada Praia Urucuquara-Barra Seca,Urucuquara,Sao Mateus ES,29946-707
Estrada Praia Urucuquara-Praia Campo Grande,Urucuquara,Sao Mateus ES,29946-703
Avenida Praiana,Guriri Sul,Sao Mateus ES,29945-610
Rua Prefeito Roberto Arnizant Silvares,Santo Antonio,Sao Mateus ES,29941-640
Rua Presidente Costa e Silva,Santo Antonio,Sao Mateus ES,29941-770
Rua R,Seac,Sao Mateus ES,29937-040
Rua Rainor Greco,Guriri Sul,Sao Mateus ES,29945-080
Rua Ramos Oliveira de Aguiar,Boa Vista,Sao Mateus ES,29931-570
Rua Ramos de Oliveira Aguiar,Boa Vista,Sao Mateus ES,29931-570
Estrada Ranchinho,Barra Nova,Sao Mateus ES,29944-440
Estrada Ranchinho-Estiva de Barra Nova,Ranchinho,Sao Mateus ES,29945-710
Estrada Ranchinho-Guriri,Ranchinho,Sao Mateus ES,29945-712
Avenida Raphael Barbosa Brhaim,Guriri Norte,Sao Mateus ES,29946-610
Avenida Raphael Barbosa Brhaim,Guriri Sul,Sao Mateus ES,29945-270
Rua Raul Pompeia,Ayrton Senna,Sao Mateus ES,29943-250
Rua Raul Pompeia,Ayrton Senna,Sao Mateus ES,29943-018
Rua Raisa Bastos Magnago,Guriri Norte,Sao Mateus ES,29946-400
Rua Raisa Bastos Magnago,Guriri Sul,Sao Mateus ES,29945-360
Avenida Recanto das Iaras,Morada de Ribeirao,Sao Mateus ES,29936-550
Avenida Recanto das Iaras,Morada Ribeirao,Sao Mateus ES,29936-550
Rua Recife,Bom Jesus,Sao Mateus ES,29944-060
Avenida Reconcavo dos Corais,Morada de Ribeirao,Sao Mateus ES,29936-360
Rua Ronaldo Barbosa Caran,Aviacao,Sao Mateus ES,29934-731
Rua Ronaldo Barbosa Caran,Carapina,Sao Mateus ES,29933-200
Rua Rosa Brinco de Souza,Fatima,Sao Mateus ES,29933-567
Rua Rosa Maria Almeida Rocha,Carapina,Sao Mateus ES,29933-085
Rua Rosa,Pedra D'agua,Sao Mateus ES,29938-308
Avenida Rotary Club,Dom Jose Dalvit,Sao Mateus ES,29931-050
Avenida Rotary Club,Boa Vista,Sao Mateus ES,29931-670
Avenida Rotary Clube,Boa Vista,Sao Mateus ES,29931-670
Rua Doutor Raimundo Guilherme Sobrinho 776,Sernamby,Sao Mateus ES,29931-971
Rua Rubi,Pedra D'agua,Sao Mateus ES,29938-420
Rua Rui Barbosa,Colina,Sao Mateus ES,29942-670
area Rural,area Rural de Sao Mateus,Sao Mateus ES,29949-899
Rua Ruth Esteves Neves,Fatima,Sao Mateus ES,29933-555
Rua Ruth Esteves Neves,Arnaldo Bastos,Sao Mateus ES,29934-120
Rua Ruy Luiz Silva Machado,Aviacao,Sao Mateus ES,29934-737
Rua Santos Dumont,Litoraneo,Sao Mateus ES,29932-570
Rua Sapucaia,Cacique,Sao Mateus ES,29932-130
Rua Sapucaia,Aroeira,Sao Mateus ES,29942-808
Rua Saquarema,Pedra D'agua,Sao Mateus ES,29938-315
Rua Saturno,Vitoria,Sao Mateus ES,29942-320
Estrada Sayonora-Pinheiros,Itauninhas,Sao Mateus ES,29948-065
Rua Sebastiao Francisco,Boa Vista,Sao Mateus ES,29931-600
Rua Sebastiao Francisco,Cacique,Sao Mateus ES,29932-200
Rua Sebastiao Soares,Bela Vista,Sao Mateus ES,29931-819
Rua Segantine de Oliveira Neto,Aroeira,Sao Mateus ES,29942-768
Rua Segundo Costa,Guriri Norte,Sao Mateus ES,29946-140
Rua Zenor Pedrosa Rocha,Jackeline,Sao Mateus ES,29936-210
Rua Zenor Pedrosa Rocha,Morada de Ribeirao,Sao Mateus ES,29936-530
Rua Zenor Pedrosa Rocha,Sernamby,Sao Mateus ES,29930-630
Travessa Zenor Pedrosa Rocha,Morada de Ribeirao,Sao Mateus ES,29936-345
Rua Zedio Bonomo,Fatima,Sao Mateus ES,29933-550
Rua Zedio Bonomo,Arnaldo Bastos,Sao Mateus ES,29934-220
Rua Zedio Bonomo,Chacara do Cricare,Sao Mateus ES,29934-480
Rua Zelia Moreira dos Santos,Bonsucesso,Sao Mateus ES,29943-740
Rua Zozima Anceschi Bonomo,Fatima,Sao Mateus ES,29933-525
Rua Zozimo Bonomo,Fatima,Sao Mateus ES,29933-670